author_id,author_name
0,
1,'S Corner
2,A Bad Witch'S Blog
3,A. Graham
4,Adrienne
5,Alan Joel
6,Alexander Maistrovoy
7,Alexander Smith
8,Alpha Sources
9,Alton Parrish
10,American Chemical Society
11,American Everyman
12,Anatoly Karlin
13,Andrew Cort
14,Anna Giaritelli
15,Arnold Ahlert
16,Az Gal
17,B Mans Revolt
18,Bar Editor
19,Bar Executive Editor
20,Baroness Photos
21,Because Without America
22,Becket Adams
23,Bill Hoffmann
24,Black Agenda Radio Producer
25,Black Pigeon Speaks
26,Byron York
27,Caroline'S Breast Cancer Blog
28,Cna Daily News - Europe
29,Conrad Calvano
30,Cop Block
31,Data Bridge Market Research
32,Derek Henry
33,Dimitry K
34,Downsize Dc
35,Dpsp
36,Due Diligence
37,Earth Heal
38,Ellen Dugan'S Blog Of Witchery
39,Escape Corporate America
40,European Southern Observatory
41,Evan Wyatt
42,Firearms Radio Network
43,Fraser Institute
44,Freedom Bunker
45,Friday
46,Gerald Sinclair
47,Glen Ford
48,Gloria Christie
49,Hamilton Strategies
50,Henry Makow
51,J.J. Jackson
52,James - Divine Love Spirituality
53,James Rathey
54,James W. King
55,Jason Russell
56,Jb Williams
57,Jeffery Pritchett
58,Jeffrey Rodack
59,Jesus Rivera
60,Jim Bray
61,Joana Suleiman
62,Joel Gehrke
63,John Anthony
64,John Rolls
65,John Treadwell Dunbar
66,John W. Whitehead
67,Joseph A Olson
68,Joseph Harris
69,Joseph P. Martino
70,Jr Dieckmann
71,Judi Mcleod
72,Judicial Watch
73,June
74,Kelly Cohen
75,Kevin Collins
76,Kyle Fraser
77,Lincoln Applegate Hahn
78,Linda Rivera
79,Lisa Haven
80,Margaret Kimberley
81,Mark Swanson
82,Marler Blog
83,Mercedes Kirkel
84,Michael Johnston
85,Michael Rubin
86,Mick Meaney
87,Mike Lachance
88,Morgan Linton
89,Naomi Lim
90,Natural Blaze
91,Nellie Bailey
92,Nellie Bailiey
93,News On The Net
94,Norml Foundation
95,Nunez Report
96,Omtimes Magazine
97,Pawan Kadu
98,Peter Schweizer
99,Philip Wegmann
100,Philosophers Stone
101,Please Enter Your Name Here
102,Posted On
103,President Ron Paul
104,Psychic Focus
105,Reason Magazine
106,Ruth Harris
107,Sam Oconnel
108,San Francisco Bay View
109,Sarah Westwood
110,Sayed Hasan
111,Senior Columnist
112,September
113,Shahzaib Elahi
114,Susan Ferrechio
115,Talking Biz News
116,Tea With Ft
117,The Conglomerate
118,The Daily Sheeple
119,The Scenario
120,The Vatic Project
121,There Is No Free World.
122,Todd Beamon
123,Tom Rogan
124,Towards A New World
125,Truth Endures Forever
126,Tyler Cochran
127,Ufo Iconoclast
128,Universe Today
129,Vicki Batts
130,Wake Up World
131,Warren Cole Smith
132,Washington Examiner Staff
133,Wednesday
134,Wisdom Blog Of Art Of Living
135,Zurich Times
