0,21stcenturywire.com
1,alternet.org
2,americanlookout.com
3,anonhq.com
4,awarenessact.com
5,awm.com
6,barenakedislam.com
7,beforeitsnews.com
8,bipartisanreport.com
9,blackagendareport.com
10,breakpoint.org
11,breitbart.com
12,canadafreepress.com
13,charismanews.com
14,christianpost.com
15,city-journal.org
16,cnnnext.com
17,collectivelyconscious.net
18,nationalreview.com
19,naturalnews.com
20,strategic-culture.org
21,undergroundhealth.com
22,unz.com
23,vdare.com
24,wallstreetonparade.com
25,washingtonexaminer.com
26,washingtonsblog.com
27,willyloman.wordpress.com
28,www.newsmax.com
