0,
1,2016 elections
2,2020
3,alabama
4,anna giaritelli
5,australia
6,auto industry
7,bankruptcy
133,barack obama
9,becket adams
10,beltway confidential
11,ben cardin
12,benghazi
13,benghazi select committee
14,betsy devos
15,big government
16,big pharma
134,bill clinton
18,blog contributors
19,books
20,byron york
21,campaigns
22,campus free speech
23,campus speech codes
24,canada
25,chris christie
139,chuck schumer
27,clinton foundation
28,cold war
29,college
30,congress
31,conservative news
32,conservative newspaper
33,continuing resolution
146,donald trump
35,dream act
36,education
37,energy and environment
38,ethanol
39,fda
149,fake news
41,food and drink
42,foreign policy
43,france
44,fukushima
45,gao
46,gabby morrongiello
47,germany
154,government shutdown
49,hamas
50,health food products
51,hillary clinton
52,history
53,inf treaty
54,isis
55,immigration
56,insurance industry
57,israel
58,jason russell
59,jeff sessions
60,joel gehrke
160,journalists
62,justice department
63,kelly cohen
161,kombucha
65,law
66,libya
67,magazine
68,malcolm turnbull
69,media
70,middle east
71,missouri
72,nbc
73,ndaa
74,naomi lim
75,national defense authorization act
76,national security
77,naturalnews
78,new york times
79,news
80,nicolas maduro
81,nuclear weapons
82,opinion
83,palestinian authority
84,palestinians
85,paris
86,permission marketing
87,philadelphia
88,philip wegmann
89,politics
90,portugal
172,president
92,red alert politics
93,refugees
94,rex tillerson
95,russia
96,sarah westwood
97,school choice
98,school vouchers
99,senate
100,senate foreign relations
101,social media
102,socialism
103,south america
104,spain
105,spending
106,state department
107,super pacs
108,supreme court
109,susan ferrechio
110,syria
111,tpp
112,teachers
113,teachers unions
114,terrorism
115,the pentagon
116,tom rogan
117,tom tancredo
184,trump
119,twitter
120,united kingdom
121,united nations
122,united states
123,venezuela
124,vladimir putin
125,washington examiner staff
126,watchdog
127,white house
128,addiction epidemic
129,africa
130,antonio sabato jr
131,apple cider vinegar
132,bacteria
135,blamed
136,blog
137,books on trump
138,calls
140,cruel
141,daca
142,daily beast
143,dairy
144,david letterman
145,department of justice
147,drug
148,el salvador
150,food
151,foods
152,god and donald trump
153,golden globes
155,haiti
156,health
157,hillary clinton emails
158,investigation
159,irradiated milk
162,lactose intolerance
163,mark levin
164,michael hayden
165,milk
166,myanmar
167,netflix
168,opioids
169,oprah winfrey
170,osteoporosis
171,prescription
173,president trump
174,probiotic
175,probiotics
176,protection
177,reasons
178,release
179,reuters
180,salvadorans
181,slams
182,sthole countries
183,tom perez
185,vdare.com
186,vote trump
